Model,Learning Rate,Batch Size,Epochs,Warmup Steps,Weight Decay,Dropout,Test F1 (micro),Test F1 (macro),Test Loss
Baseline BERT,2e-05,16,3,0,0.0,0.1,0.5881582639603404,0.42687239698087376,0.08365059488398187
Tuned BERT,4.892555662298133e-05,16,5,2246,0.03480486066051946,0.24407195132826082,0.5777663141604333,0.4784228517478094,0.08771152396083755
